query,clicks,impressions,ctr,position
自衛隊から警察,3.0,11.0,0.2727272727272727,3.4545454545454546
カオサン通り ゴーゴーバー,3.0,6.0,0.5,1.1666666666666667
自衛隊 給料 安 すぎ,1.0,27.0,0.037037037037037035,3.111111111111111
自衛隊 辞める 最短,1.0,13.0,0.07692307692307693,9.538461538461538
台湾 淡水 グルメ,1.0,6.0,0.16666666666666666,7.5
自衛官から警察官,1.0,6.0,0.16666666666666666,4.0
警察官と自衛官 どっち がいい,1.0,6.0,0.16666666666666666,3.8333333333333335
ゴーゴーバー おすすめ,1.0,5.0,0.2,12.0
バリ島 キャッシング,1.0,5.0,0.2,1.8
シドニー空港 ターミナル1 お土産,1.0,4.0,0.25,5.5
オカダマニラ カジノ 遊び方,1.0,3.0,0.3333333333333333,3.3333333333333335
カオサン 風俗,1.0,3.0,0.3333333333333333,3.0
バリ島 空港 atm,1.0,3.0,0.3333333333333333,2.333333333333333
バンコク 映画館,1.0,3.0,0.3333333333333333,17.333333333333332
自衛隊から市役所 転職,1.0,3.0,0.3333333333333333,4.666666666666666
自衛隊から警察官,1.0,3.0,0.3333333333333333,4.0
オカダマニラ 遊び方,1.0,2.0,0.5,4.5
自衛隊 辞める人 続出,1.0,2.0,0.5,19.5
sola レストラン,1.0,1.0,1.0,5.0
オカダマニラ カジノ ドレスコード,1.0,1.0,1.0,17.0
自衛隊 早期退職 40代,1.0,1.0,1.0,1.0
警察病院,1.0,1.0,1.0,2.0
47都道府県 制覇,0.0,43.0,0.0,10.116279069767442
47都道府県制覇,0.0,24.0,0.0,10.291666666666666
カオサン通り 夜遊び,0.0,22.0,0.0,5.2272727272727275
xmlサイトマップ google,0.0,16.0,0.0,9.75
google サイトマップ,0.0,13.0,0.0,7.615384615384615
xmlサイトマップ作成,0.0,12.0,0.0,11.416666666666666
クレジットカード 海外旅行保険 自動付帯,0.0,11.0,0.0,13.727272727272727
シドニー空港 お土産,0.0,10.0,0.0,8.4
javascript seo,0.0,9.0,0.0,42.44444444444444
sydney australia tourist spots,0.0,7.0,0.0,9.285714285714286
google インデックスされない,0.0,6.0,0.0,54.0
what are the best places at sydney airport to buy souvenirs and how do prices compare?,0.0,6.0,0.0,9.333333333333334
カオサン通り 風俗,0.0,6.0,0.0,1.8333333333333335
シドニー国際空港 お土産,0.0,6.0,0.0,6.333333333333333
タイ エロ通り,0.0,6.0,0.0,7.166666666666667
オンライン 英会話 美人,0.0,5.0,0.0,8.6
ゴーゴーバー,0.0,5.0,0.0,14.0
タイ ワットポー 入場料,0.0,5.0,0.0,9.6
47 都 道府県 制覇 費用,0.0,4.0,0.0,1.0
47都道府県 旅行,0.0,4.0,0.0,9.25
rarejob 評判,0.0,4.0,0.0,44.75
カリプソキャバレー 写真撮影,0.0,4.0,0.0,8.75
クアラルンプール空港 atm,0.0,4.0,0.0,6.25
ゴーゴーバー タイ,0.0,4.0,0.0,9.25
サイト マップ google,0.0,4.0,0.0,10.5
ドイツ ワーホリ,0.0,4.0,0.0,41.25
47 都 道府県制覇,0.0,3.0,0.0,9.0
budget shopping near sydney sydney airport,0.0,3.0,0.0,24.666666666666668
calypso cabaret,0.0,3.0,0.0,52.666666666666664
googleリスティング広告,0.0,3.0,0.0,84.66666666666667
googleリスティング広告とは,0.0,3.0,0.0,87.0
khao san road in bangkok,0.0,3.0,0.0,58.333333333333336
m&a マッチングサイト 個人,0.0,3.0,0.0,13.333333333333334
qq english 評判,0.0,3.0,0.0,6.333333333333333
robots.txt seo,0.0,3.0,0.0,11.0
seo robots.txt,0.0,3.0,0.0,12.0
seo オワコン,0.0,3.0,0.0,91.33333333333333
seo サイトマップ,0.0,3.0,0.0,20.666666666666668
seo サイト構造,0.0,3.0,0.0,76.66666666666667
srsltid in search results,0.0,3.0,0.0,73.33333333333333
sydney tourist spot,0.0,3.0,0.0,8.333333333333332
what is google's srsltid parameter,0.0,3.0,0.0,71.0
イタリア 旅行 モデルコース,0.0,3.0,0.0,13.333333333333334
インデックスされない,0.0,3.0,0.0,41.333333333333336
カニバリ対策 seo,0.0,3.0,0.0,43.333333333333336
クラウドワークス 初心者 注意点,0.0,3.0,0.0,25.666666666666668
クラウドワークス 自己紹介 実績 ない,0.0,3.0,0.0,10.666666666666666
クレジットカード 保険 自動付帯,0.0,3.0,0.0,10.0
グーグル リスティング 広告,0.0,3.0,0.0,77.0
サイトマップ xml 作成,0.0,3.0,0.0,9.333333333333334
サンシーロ 座席,0.0,3.0,0.0,9.333333333333334
サーチコンソール ai,0.0,3.0,0.0,10.333333333333334
シドニー空港 お土産 お菓子,0.0,3.0,0.0,8.666666666666668
テープ起こし,0.0,3.0,0.0,46.333333333333336
デンパサール 空港 atm,0.0,3.0,0.0,3.0
aiモード seo,0.0,2.0,0.0,28.0
bangkok naar koh samet,0.0,2.0,0.0,50.5
bangkok to ko samet,0.0,2.0,0.0,51.5
bangkok to koh samet,0.0,2.0,0.0,40.5
booking com やばい,0.0,2.0,0.0,49.5
calypso cabaret top rated ladyboy shows bangkok,0.0,2.0,0.0,29.0
google リスティング,0.0,2.0,0.0,84.5
google 広告 リスティング,0.0,2.0,0.0,89.0
google広告 リスティング,0.0,2.0,0.0,79.0
khao san road bangkok,0.0,2.0,0.0,62.5
naplab,0.0,2.0,0.0,5.5
ppcアフィリエイト ペラサイト,0.0,2.0,0.0,9.0
seo robots txt,0.0,2.0,0.0,9.5
seoレポート,0.0,2.0,0.0,62.5
seoレポート 情報共有,0.0,2.0,0.0,11.0
seo対策 サイト構造,0.0,2.0,0.0,88.0
souvenirs sydney,0.0,2.0,0.0,49.0
srsltid,0.0,2.0,0.0,66.0
srsltid parameter,0.0,2.0,0.0,72.0
srsltid とは,0.0,2.0,0.0,9.5
sydney fish market nearest train station,0.0,2.0,0.0,40.0
thailand visa extension,0.0,2.0,0.0,54.5
tottori sand dunes,0.0,2.0,0.0,66.0
ubudo,0.0,2.0,0.0,4.0
vaccinationer thailand pris,0.0,2.0,0.0,60.0
visa extension,0.0,2.0,0.0,92.5
visa extension thailand,0.0,2.0,0.0,61.0
web m&a,0.0,2.0,0.0,45.5
xml サイトマップ 作成,0.0,2.0,0.0,20.5
xmlサイトマップとは,0.0,2.0,0.0,12.0
アフィリエイト ペラサイト量産,0.0,2.0,0.0,16.0
エージェンティックサーチ,0.0,2.0,0.0,22.5
オカダマニラ セブンイレブン,0.0,2.0,0.0,8.5
オンライン英会話 美人,0.0,2.0,0.0,9.0
クラウドワークス データ入力 やってみた,0.0,2.0,0.0,10.0
クレジットカード 海外旅行保険 自動付帯 使い方,0.0,2.0,0.0,10.0
グーグル リスティング広告,0.0,2.0,0.0,61.5
ゴーゴーバー タイ どこ,0.0,2.0,0.0,6.0
ゴーゴーバー 遊び方,0.0,2.0,0.0,5.5
サンシーロ 座席表,0.0,2.0,0.0,9.5
テープ文字起こし 依頼 コツ,0.0,2.0,0.0,14.0
テープ起こし 相場,0.0,2.0,0.0,40.0
ドイツワーホリ,0.0,2.0,0.0,53.5
47 都 道府県 旅行 制覇アプリ,0.0,1.0,0.0,7.0
47 都 道府県制覇 割合,0.0,1.0,0.0,18.0
47都道府県,0.0,1.0,0.0,10.0
ac ミラン スタジアム,0.0,1.0,0.0,55.0
api連携 実装方法,0.0,1.0,0.0,15.0
bali guide ubud,0.0,1.0,0.0,76.0
bangkok khao san road,0.0,1.0,0.0,67.0
bangkok khao san road map,0.0,1.0,0.0,51.0
bangkok must see attractions,0.0,1.0,0.0,12.0
bangkok nightlife khao san road,0.0,1.0,0.0,32.0
bangkok till koh samet,0.0,1.0,0.0,80.0
bangkok to samet,0.0,1.0,0.0,76.0
bars in khao san road,0.0,1.0,0.0,26.0
bondi beach sydney,0.0,1.0,0.0,12.0
booking com 安い なぜ,0.0,1.0,0.0,12.0
booking com 怪しい,0.0,1.0,0.0,50.0
booking ドット コム,0.0,1.0,0.0,36.0
booking.com,0.0,1.0,0.0,16.0
bookingドットコム,0.0,1.0,0.0,3.0
cafe mca,0.0,1.0,0.0,20.0
calypso bangkok,0.0,1.0,0.0,42.0
calypso cabaret tickets,0.0,1.0,0.0,43.0
cheap souvenirs sydney,0.0,1.0,0.0,38.0
chinatown gift shop,0.0,1.0,0.0,3.0
ferðir til koh samet,0.0,1.0,0.0,57.0
github 使い方 初心者,0.0,1.0,0.0,10.0
google core update,0.0,1.0,0.0,85.0
google リスティング 広告,0.0,1.0,0.0,87.0
google リスティング 広告 と は,0.0,1.0,0.0,92.0
google リスティング広告 やり方,0.0,1.0,0.0,88.0
google 検索 順位 おかしい,0.0,1.0,0.0,71.0
google 検索順位 おかしい,0.0,1.0,0.0,31.0
guide to khao san road,0.0,1.0,0.0,48.0
how to get to the new sydney fish market,0.0,1.0,0.0,60.0
how to go to khao san road,0.0,1.0,0.0,49.0
is bali safe,0.0,1.0,0.0,38.0
is bali safe to travel,0.0,1.0,0.0,17.0
izumo japan,0.0,1.0,0.0,61.0
koh samet from bangkok,0.0,1.0,0.0,46.0
kyoto starbucks,0.0,1.0,0.0,29.0
m&a web,0.0,1.0,0.0,50.0
mca cafe,0.0,1.0,0.0,26.0
ninenzaka starbucks,0.0,1.0,0.0,25.0
okinawa travel itinerary,0.0,1.0,0.0,9.0
okinawa trip itinerary,0.0,1.0,0.0,8.0
qq english 口コミ,0.0,1.0,0.0,30.0
qqイングリッシュ 評判,0.0,1.0,0.0,12.0
robots txt seo,0.0,1.0,0.0,12.0
robots.txt 書き方,0.0,1.0,0.0,2.0
robots.txt 設定,0.0,1.0,0.0,14.0
san siro,0.0,1.0,0.0,62.0
san siro stadium,0.0,1.0,0.0,38.0
sapporo beer garden genghis khan,0.0,1.0,0.0,37.0
sapporo brewery,0.0,1.0,0.0,65.0
sapporo brewery japan,0.0,1.0,0.0,69.0
seo 2025年 6月,0.0,1.0,0.0,47.0
seo api,0.0,1.0,0.0,15.0
seo オーソリティ,0.0,1.0,0.0,20.0
seo サイト 構造,0.0,1.0,0.0,79.0
seo レポート,0.0,1.0,0.0,46.0
seo 動向,0.0,1.0,0.0,18.0
seo古い,0.0,1.0,0.0,84.0
shimane izumo,0.0,1.0,0.0,40.0
shots needed to travel to thailand,0.0,1.0,0.0,16.0
souvenirs in sydney,0.0,1.0,0.0,50.0
srsltid in url,0.0,1.0,0.0,66.0
starbucks kyoto,0.0,1.0,0.0,33.0
tetanus vaccine cost,0.0,1.0,0.0,38.0
things to do in khao san road at night,0.0,1.0,0.0,44.0
tourist spots in sydney,0.0,1.0,0.0,7.0
tourist spots sydney,0.0,1.0,0.0,11.0
udemy web開発 おすすめ,0.0,1.0,0.0,10.0
udemy おすすめ,0.0,1.0,0.0,58.0
van bangkok naar koh samet,0.0,1.0,0.0,52.0
visa extension bangkok,0.0,1.0,0.0,45.0
wat pho entrance,0.0,1.0,0.0,48.0
where to buy cheap souvenirs in sydney,0.0,1.0,0.0,20.0
where to find souvenirs in sydney,0.0,1.0,0.0,42.0
かおさん通り,0.0,1.0,0.0,9.0
ぶっ きん ドット コム,0.0,1.0,0.0,28.0
ぶっきんドットコム,0.0,1.0,0.0,23.0
アグレッサー部隊 自衛隊,0.0,1.0,0.0,3.0
イタリア 旅行 費用,0.0,1.0,0.0,13.0
イタリア観光モデルコース,0.0,1.0,0.0,17.0
インドネシア atm キャッシング,0.0,1.0,0.0,6.0
インドネシア atm 手数料 無料,0.0,1.0,0.0,17.0
インドネシア キャッシング,0.0,1.0,0.0,11.0
インフラ seo,0.0,1.0,0.0,24.0
ウブド 観光 モデルコース,0.0,1.0,0.0,11.0
ウブド観光モデルコース,0.0,1.0,0.0,10.0
エルニド 観光,0.0,1.0,0.0,54.0
エルニド旅行費用,0.0,1.0,0.0,27.0
オカダマニラ ktv,0.0,1.0,0.0,2.0
オカダマニラ ポーカー やり方,0.0,1.0,0.0,8.0
カオサン通り,0.0,1.0,0.0,30.0
カオサン通り 夜,0.0,1.0,0.0,2.0
カオサン通り 女,0.0,1.0,0.0,2.0
クアラルンプール国際空港 atm,0.0,1.0,0.0,5.0
クラウド ワークス 自己 pr 初心者,0.0,1.0,0.0,19.0
クラウドワークス おすすめ,0.0,1.0,0.0,11.0
クラウドワークス 初心者 おすすめ,0.0,1.0,0.0,14.0
クレジット カード 海外旅行保険 自動付帯,0.0,1.0,0.0,6.0
クレジットカード 海外旅行保険 おすすめ,0.0,1.0,0.0,8.0
クレジットカード 自動付帯,0.0,1.0,0.0,5.0
クレジットカードの健康保険の旅行,0.0,1.0,0.0,10.0
クロールバジェット,0.0,1.0,0.0,57.0
サイト 構造 seo,0.0,1.0,0.0,78.0
サイトm＆a,0.0,1.0,0.0,78.0
サイトマップ seo,0.0,1.0,0.0,25.0
サイト構造 最適化,0.0,1.0,0.0,73.0
サッポロクラシックは？,0.0,1.0,0.0,3.0
シドニー お 土産,0.0,1.0,0.0,61.0
シドニー 現代美術館,0.0,1.0,0.0,16.0
シドニー空港 お土産おすすめ,0.0,1.0,0.0,7.0
タイ 旅行 予防 接種,0.0,1.0,0.0,51.0
タイ 映画,0.0,1.0,0.0,11.0
テープ 起こし,0.0,1.0,0.0,49.0
テープ起こし サービス,0.0,1.0,0.0,72.0
テープ起こし 料金,0.0,1.0,0.0,88.0
テープ起こし 早い,0.0,1.0,0.0,47.0
テープ起こし 校正,0.0,1.0,0.0,64.0
テープ起こし 研究,0.0,1.0,0.0,66.0
テープ起こし 翌日,0.0,1.0,0.0,68.0
テープ起こし 費用,0.0,1.0,0.0,77.0
テープ起こしとは,0.0,1.0,0.0,68.0
トピカルオーソリティ,0.0,1.0,0.0,28.0
ドイツ ビザ申請,0.0,1.0,0.0,57.0
ドイツ ワーキングホリデイ,0.0,1.0,0.0,40.0
ドイツ ワーキングホリデー,0.0,1.0,0.0,40.0
ドイツ ワーホリ 申請,0.0,1.0,0.0,38.0
