query,clicks,impressions,ctr,position,clicks_prev,impressions_prev,ctr_prev,position_prev,clicks_delta,clicks_pct,impressions_delta,impressions_pct,ctr_delta,ctr_pct,position_delta,position_pct
自衛隊から警察,3.0,11.0,0.2727272727272727,3.4545454545454546,1.0,21.0,0.047619047619047616,4.428571428571429,2.0,2.0,-10.0,-0.47619047619047616,0.2251082251082251,4.7272727272727275,-0.9740259740259742,-0.21994134897360706
カオサン通り ゴーゴーバー,3.0,6.0,0.5,1.1666666666666667,11.0,34.0,0.3235294117647059,1.7647058823529411,-8.0,-0.7272727272727273,-28.0,-0.8235294117647058,0.1764705882352941,0.5454545454545454,-0.5980392156862744,-0.33888888888888885
自衛隊 給料 安 すぎ,1.0,27.0,0.037037037037037035,3.111111111111111,,,,,1.0,,27.0,,0.037037037037037035,,3.111111111111111,
自衛隊 辞める 最短,1.0,13.0,0.07692307692307693,9.538461538461538,,,,,1.0,,13.0,,0.07692307692307693,,9.538461538461538,
台湾 淡水 グルメ,1.0,6.0,0.16666666666666666,7.5,,,,,1.0,,6.0,,0.16666666666666666,,7.5,
自衛官から警察官,1.0,6.0,0.16666666666666666,4.0,,,,,1.0,,6.0,,0.16666666666666666,,4.0,
警察官と自衛官 どっち がいい,1.0,6.0,0.16666666666666666,3.8333333333333335,,,,,1.0,,6.0,,0.16666666666666666,,3.8333333333333335,
ゴーゴーバー おすすめ,1.0,5.0,0.2,12.0,1.0,8.0,0.125,10.25,0.0,0.0,-3.0,-0.375,0.07500000000000001,0.6000000000000001,1.75,0.17073170731707318
バリ島 キャッシング,1.0,5.0,0.2,1.8,3.0,10.0,0.3,1.6,-2.0,-0.6666666666666666,-5.0,-0.5,-0.09999999999999998,-0.33333333333333326,0.19999999999999996,0.12499999999999997
シドニー空港 ターミナル1 お土産,1.0,4.0,0.25,5.5,1.0,7.0,0.14285714285714285,7.285714285714286,0.0,0.0,-3.0,-0.42857142857142855,0.10714285714285715,0.7500000000000001,-1.7857142857142856,-0.24509803921568626
オカダマニラ カジノ 遊び方,1.0,3.0,0.3333333333333333,3.3333333333333335,1.0,4.0,0.25,2.25,0.0,0.0,-1.0,-0.25,0.08333333333333331,0.33333333333333326,1.0833333333333335,0.48148148148148157
カオサン 風俗,1.0,3.0,0.3333333333333333,3.0,5.0,18.0,0.2777777777777778,2.2222222222222223,-4.0,-0.8,-15.0,-0.8333333333333334,0.055555555555555525,0.19999999999999987,0.7777777777777777,0.3499999999999999
バリ島 空港 atm,1.0,3.0,0.3333333333333333,2.333333333333333,2.0,4.0,0.5,2.25,-1.0,-0.5,-1.0,-0.25,-0.16666666666666669,-0.33333333333333337,0.08333333333333304,0.0370370370370369
バンコク 映画館,1.0,3.0,0.3333333333333333,17.333333333333332,,,,,1.0,,3.0,,0.3333333333333333,,17.333333333333332,
自衛隊から市役所 転職,1.0,3.0,0.3333333333333333,4.666666666666666,1.0,6.0,0.16666666666666666,4.333333333333334,0.0,0.0,-3.0,-0.5,0.16666666666666666,1.0,0.33333333333333215,0.07692307692307664
自衛隊から警察官,1.0,3.0,0.3333333333333333,4.0,,,,,1.0,,3.0,,0.3333333333333333,,4.0,
オカダマニラ 遊び方,1.0,2.0,0.5,4.5,1.0,6.0,0.16666666666666666,2.666666666666667,0.0,0.0,-4.0,-0.6666666666666666,0.33333333333333337,2.0000000000000004,1.833333333333333,0.6874999999999998
自衛隊 辞める人 続出,1.0,2.0,0.5,19.5,,,,,1.0,,2.0,,0.5,,19.5,
sola レストラン,1.0,1.0,1.0,5.0,,,,,1.0,,1.0,,1.0,,5.0,
オカダマニラ カジノ ドレスコード,1.0,1.0,1.0,17.0,,,,,1.0,,1.0,,1.0,,17.0,
自衛隊 早期退職 40代,1.0,1.0,1.0,1.0,,,,,1.0,,1.0,,1.0,,1.0,
警察病院,1.0,1.0,1.0,2.0,,,,,1.0,,1.0,,1.0,,2.0,
47都道府県 制覇,0.0,43.0,0.0,10.116279069767442,0.0,42.0,0.0,10.523809523809524,0.0,,1.0,0.023809523809523808,0.0,,-0.40753045404208166,-0.038724613280016806
47都道府県制覇,0.0,24.0,0.0,10.291666666666666,0.0,27.0,0.0,10.666666666666666,0.0,,-3.0,-0.1111111111111111,0.0,,-0.375,-0.03515625
カオサン通り 夜遊び,0.0,22.0,0.0,5.2272727272727275,10.0,76.0,0.13157894736842105,5.0,-10.0,-1.0,-54.0,-0.7105263157894737,-0.13157894736842105,-1.0,0.22727272727272751,0.045454545454545504
xmlサイトマップ google,0.0,16.0,0.0,9.75,0.0,1.0,0.0,36.0,0.0,,15.0,15.0,0.0,,-26.25,-0.7291666666666666
google サイトマップ,0.0,13.0,0.0,7.615384615384615,0.0,3.0,0.0,11.666666666666666,0.0,,10.0,3.3333333333333335,0.0,,-4.051282051282051,-0.34725274725274724
xmlサイトマップ作成,0.0,12.0,0.0,11.416666666666666,0.0,21.0,0.0,12.047619047619047,0.0,,-9.0,-0.42857142857142855,0.0,,-0.6309523809523814,-0.05237154150197632
クレジットカード 海外旅行保険 自動付帯,0.0,11.0,0.0,13.727272727272727,0.0,3.0,0.0,10.333333333333334,0.0,,8.0,2.6666666666666665,0.0,,3.3939393939393927,0.3284457478005864
シドニー空港 お土産,0.0,10.0,0.0,8.4,3.0,56.0,0.05357142857142857,7.214285714285714,-3.0,-1.0,-46.0,-0.8214285714285714,-0.05357142857142857,-1.0,1.185714285714286,0.1643564356435644
javascript seo,0.0,9.0,0.0,42.44444444444444,0.0,11.0,0.0,43.63636363636363,0.0,,-2.0,-0.18181818181818182,0.0,,-1.1919191919191903,-0.027314814814814778
sydney australia tourist spots,0.0,7.0,0.0,9.285714285714286,0.0,1.0,0.0,20.0,0.0,,6.0,6.0,0.0,,-10.714285714285714,-0.5357142857142857
google インデックスされない,0.0,6.0,0.0,54.0,,,,,0.0,,6.0,,0.0,,54.0,
what are the best places at sydney airport to buy souvenirs and how do prices compare?,0.0,6.0,0.0,9.333333333333334,0.0,8.0,0.0,9.75,0.0,,-2.0,-0.25,0.0,,-0.4166666666666661,-0.04273504273504267
カオサン通り 風俗,0.0,6.0,0.0,1.8333333333333335,9.0,19.0,0.47368421052631576,2.0,-9.0,-1.0,-13.0,-0.6842105263157895,-0.47368421052631576,-1.0,-0.16666666666666652,-0.08333333333333326
シドニー国際空港 お土産,0.0,6.0,0.0,6.333333333333333,3.0,23.0,0.13043478260869565,5.304347826086956,-3.0,-1.0,-17.0,-0.7391304347826086,-0.13043478260869565,-1.0,1.028985507246377,0.19398907103825141
タイ エロ通り,0.0,6.0,0.0,7.166666666666667,,,,,0.0,,6.0,,0.0,,7.166666666666667,
オンライン 英会話 美人,0.0,5.0,0.0,8.6,0.0,6.0,0.0,8.666666666666668,0.0,,-1.0,-0.16666666666666666,0.0,,-0.0666666666666682,-0.007692307692307869
ゴーゴーバー,0.0,5.0,0.0,14.0,0.0,8.0,0.0,18.625,0.0,,-3.0,-0.375,0.0,,-4.625,-0.2483221476510067
タイ ワットポー 入場料,0.0,5.0,0.0,9.6,,,,,0.0,,5.0,,0.0,,9.6,
47 都 道府県 制覇 費用,0.0,4.0,0.0,1.0,0.0,8.0,0.0,5.125,0.0,,-4.0,-0.5,0.0,,-4.125,-0.8048780487804879
47都道府県 旅行,0.0,4.0,0.0,9.25,0.0,7.0,0.0,9.714285714285714,0.0,,-3.0,-0.42857142857142855,0.0,,-0.4642857142857135,-0.04779411764705875
rarejob 評判,0.0,4.0,0.0,44.75,0.0,3.0,0.0,45.0,0.0,,1.0,0.3333333333333333,0.0,,-0.25,-0.005555555555555556
カリプソキャバレー 写真撮影,0.0,4.0,0.0,8.75,0.0,3.0,0.0,10.0,0.0,,1.0,0.3333333333333333,0.0,,-1.25,-0.125
クアラルンプール空港 atm,0.0,4.0,0.0,6.25,1.0,1.0,1.0,5.0,-1.0,-1.0,3.0,3.0,-1.0,-1.0,1.25,0.25
ゴーゴーバー タイ,0.0,4.0,0.0,9.25,,,,,0.0,,4.0,,0.0,,9.25,
サイト マップ google,0.0,4.0,0.0,10.5,0.0,1.0,0.0,9.0,0.0,,3.0,3.0,0.0,,1.5,0.16666666666666666
ドイツ ワーホリ,0.0,4.0,0.0,41.25,,,,,0.0,,4.0,,0.0,,41.25,
47 都 道府県制覇,0.0,3.0,0.0,9.0,0.0,4.0,0.0,10.5,0.0,,-1.0,-0.25,0.0,,-1.5,-0.14285714285714285
budget shopping near sydney sydney airport,0.0,3.0,0.0,24.666666666666668,,,,,0.0,,3.0,,0.0,,24.666666666666668,
calypso cabaret,0.0,3.0,0.0,52.666666666666664,0.0,2.0,0.0,43.0,0.0,,1.0,0.5,0.0,,9.666666666666664,0.22480620155038755
googleリスティング広告,0.0,3.0,0.0,84.66666666666667,,,,,0.0,,3.0,,0.0,,84.66666666666667,
googleリスティング広告とは,0.0,3.0,0.0,87.0,0.0,6.0,0.0,92.33333333333333,0.0,,-3.0,-0.5,0.0,,-5.333333333333329,-0.05776173285198551
khao san road in bangkok,0.0,3.0,0.0,58.333333333333336,0.0,4.0,0.0,63.75,0.0,,-1.0,-0.25,0.0,,-5.416666666666664,-0.08496732026143787
m&a マッチングサイト 個人,0.0,3.0,0.0,13.333333333333334,,,,,0.0,,3.0,,0.0,,13.333333333333334,
qq english 評判,0.0,3.0,0.0,6.333333333333333,0.0,3.0,0.0,12.0,0.0,,0.0,0.0,0.0,,-5.666666666666667,-0.47222222222222227
robots.txt seo,0.0,3.0,0.0,11.0,,,,,0.0,,3.0,,0.0,,11.0,
seo robots.txt,0.0,3.0,0.0,12.0,,,,,0.0,,3.0,,0.0,,12.0,
seo オワコン,0.0,3.0,0.0,91.33333333333333,,,,,0.0,,3.0,,0.0,,91.33333333333333,
seo サイトマップ,0.0,3.0,0.0,20.666666666666668,,,,,0.0,,3.0,,0.0,,20.666666666666668,
seo サイト構造,0.0,3.0,0.0,76.66666666666667,,,,,0.0,,3.0,,0.0,,76.66666666666667,
srsltid in search results,0.0,3.0,0.0,73.33333333333333,,,,,0.0,,3.0,,0.0,,73.33333333333333,
sydney tourist spot,0.0,3.0,0.0,8.333333333333332,,,,,0.0,,3.0,,0.0,,8.333333333333332,
what is google's srsltid parameter,0.0,3.0,0.0,71.0,0.0,2.0,0.0,72.5,0.0,,1.0,0.5,0.0,,-1.5,-0.020689655172413793
イタリア 旅行 モデルコース,0.0,3.0,0.0,13.333333333333334,0.0,1.0,0.0,11.0,0.0,,2.0,2.0,0.0,,2.333333333333334,0.21212121212121218
インデックスされない,0.0,3.0,0.0,41.333333333333336,,,,,0.0,,3.0,,0.0,,41.333333333333336,
カニバリ対策 seo,0.0,3.0,0.0,43.333333333333336,0.0,2.0,0.0,22.5,0.0,,1.0,0.5,0.0,,20.833333333333336,0.925925925925926
クラウドワークス 初心者 注意点,0.0,3.0,0.0,25.666666666666668,0.0,4.0,0.0,24.0,0.0,,-1.0,-0.25,0.0,,1.6666666666666679,0.06944444444444449
クラウドワークス 自己紹介 実績 ない,0.0,3.0,0.0,10.666666666666666,0.0,6.0,0.0,10.666666666666666,0.0,,-3.0,-0.5,0.0,,0.0,0.0
クレジットカード 保険 自動付帯,0.0,3.0,0.0,10.0,,,,,0.0,,3.0,,0.0,,10.0,
グーグル リスティング 広告,0.0,3.0,0.0,77.0,0.0,4.0,0.0,61.5,0.0,,-1.0,-0.25,0.0,,15.5,0.25203252032520324
サイトマップ xml 作成,0.0,3.0,0.0,9.333333333333334,0.0,1.0,0.0,11.0,0.0,,2.0,2.0,0.0,,-1.666666666666666,-0.15151515151515146
サンシーロ 座席,0.0,3.0,0.0,9.333333333333334,0.0,2.0,0.0,8.0,0.0,,1.0,0.5,0.0,,1.333333333333334,0.16666666666666674
サーチコンソール ai,0.0,3.0,0.0,10.333333333333334,0.0,1.0,0.0,12.0,0.0,,2.0,2.0,0.0,,-1.666666666666666,-0.13888888888888884
シドニー空港 お土産 お菓子,0.0,3.0,0.0,8.666666666666668,,,,,0.0,,3.0,,0.0,,8.666666666666668,
テープ起こし,0.0,3.0,0.0,46.333333333333336,,,,,0.0,,3.0,,0.0,,46.333333333333336,
デンパサール 空港 atm,0.0,3.0,0.0,3.0,,,,,0.0,,3.0,,0.0,,3.0,
aiモード seo,0.0,2.0,0.0,28.0,,,,,0.0,,2.0,,0.0,,28.0,
bangkok naar koh samet,0.0,2.0,0.0,50.5,,,,,0.0,,2.0,,0.0,,50.5,
bangkok to ko samet,0.0,2.0,0.0,51.5,0.0,4.0,0.0,45.75,0.0,,-2.0,-0.5,0.0,,5.75,0.12568306010928962
bangkok to koh samet,0.0,2.0,0.0,40.5,0.0,2.0,0.0,49.0,0.0,,0.0,0.0,0.0,,-8.5,-0.17346938775510204
booking com やばい,0.0,2.0,0.0,49.5,0.0,1.0,0.0,41.0,0.0,,1.0,1.0,0.0,,8.5,0.2073170731707317
calypso cabaret top rated ladyboy shows bangkok,0.0,2.0,0.0,29.0,0.0,3.0,0.0,28.666666666666668,0.0,,-1.0,-0.3333333333333333,0.0,,0.33333333333333215,0.011627906976744144
google リスティング,0.0,2.0,0.0,84.5,,,,,0.0,,2.0,,0.0,,84.5,
google 広告 リスティング,0.0,2.0,0.0,89.0,,,,,0.0,,2.0,,0.0,,89.0,
google広告 リスティング,0.0,2.0,0.0,79.0,0.0,2.0,0.0,80.5,0.0,,0.0,0.0,0.0,,-1.5,-0.018633540372670808
khao san road bangkok,0.0,2.0,0.0,62.5,0.0,2.0,0.0,57.0,0.0,,0.0,0.0,0.0,,5.5,0.09649122807017543
naplab,0.0,2.0,0.0,5.5,0.0,2.0,0.0,6.5,0.0,,0.0,0.0,0.0,,-1.0,-0.15384615384615385
ppcアフィリエイト ペラサイト,0.0,2.0,0.0,9.0,,,,,0.0,,2.0,,0.0,,9.0,
seo robots txt,0.0,2.0,0.0,9.5,0.0,2.0,0.0,10.0,0.0,,0.0,0.0,0.0,,-0.5,-0.05
seoレポート,0.0,2.0,0.0,62.5,0.0,1.0,0.0,64.0,0.0,,1.0,1.0,0.0,,-1.5,-0.0234375
seoレポート 情報共有,0.0,2.0,0.0,11.0,,,,,0.0,,2.0,,0.0,,11.0,
seo対策 サイト構造,0.0,2.0,0.0,88.0,,,,,0.0,,2.0,,0.0,,88.0,
souvenirs sydney,0.0,2.0,0.0,49.0,,,,,0.0,,2.0,,0.0,,49.0,
srsltid,0.0,2.0,0.0,66.0,0.0,15.0,0.0,63.266666666666666,0.0,,-13.0,-0.8666666666666667,0.0,,2.7333333333333343,0.04320337197049527
srsltid parameter,0.0,2.0,0.0,72.0,,,,,0.0,,2.0,,0.0,,72.0,
srsltid とは,0.0,2.0,0.0,9.5,0.0,3.0,0.0,9.666666666666666,0.0,,-1.0,-0.3333333333333333,0.0,,-0.16666666666666607,-0.01724137931034477
sydney fish market nearest train station,0.0,2.0,0.0,40.0,,,,,0.0,,2.0,,0.0,,40.0,
thailand visa extension,0.0,2.0,0.0,54.5,,,,,0.0,,2.0,,0.0,,54.5,
tottori sand dunes,0.0,2.0,0.0,66.0,,,,,0.0,,2.0,,0.0,,66.0,
ubudo,0.0,2.0,0.0,4.0,,,,,0.0,,2.0,,0.0,,4.0,
vaccinationer thailand pris,0.0,2.0,0.0,60.0,0.0,1.0,0.0,60.0,0.0,,1.0,1.0,0.0,,0.0,0.0
visa extension,0.0,2.0,0.0,92.5,,,,,0.0,,2.0,,0.0,,92.5,
visa extension thailand,0.0,2.0,0.0,61.0,,,,,0.0,,2.0,,0.0,,61.0,
web m&a,0.0,2.0,0.0,45.5,,,,,0.0,,2.0,,0.0,,45.5,
xml サイトマップ 作成,0.0,2.0,0.0,20.5,,,,,0.0,,2.0,,0.0,,20.5,
xmlサイトマップとは,0.0,2.0,0.0,12.0,,,,,0.0,,2.0,,0.0,,12.0,
アフィリエイト ペラサイト量産,0.0,2.0,0.0,16.0,0.0,1.0,0.0,14.0,0.0,,1.0,1.0,0.0,,2.0,0.14285714285714285
エージェンティックサーチ,0.0,2.0,0.0,22.5,,,,,0.0,,2.0,,0.0,,22.5,
オカダマニラ セブンイレブン,0.0,2.0,0.0,8.5,0.0,9.0,0.0,8.555555555555555,0.0,,-7.0,-0.7777777777777778,0.0,,-0.05555555555555536,-0.0064935064935064705
オンライン英会話 美人,0.0,2.0,0.0,9.0,0.0,16.0,0.0,8.125,0.0,,-14.0,-0.875,0.0,,0.875,0.1076923076923077
クラウドワークス データ入力 やってみた,0.0,2.0,0.0,10.0,,,,,0.0,,2.0,,0.0,,10.0,
クレジットカード 海外旅行保険 自動付帯 使い方,0.0,2.0,0.0,10.0,0.0,4.0,0.0,10.75,0.0,,-2.0,-0.5,0.0,,-0.75,-0.06976744186046512
グーグル リスティング広告,0.0,2.0,0.0,61.5,0.0,3.0,0.0,67.0,0.0,,-1.0,-0.3333333333333333,0.0,,-5.5,-0.08208955223880597
ゴーゴーバー タイ どこ,0.0,2.0,0.0,6.0,,,,,0.0,,2.0,,0.0,,6.0,
ゴーゴーバー 遊び方,0.0,2.0,0.0,5.5,0.0,3.0,0.0,13.0,0.0,,-1.0,-0.3333333333333333,0.0,,-7.5,-0.5769230769230769
サンシーロ 座席表,0.0,2.0,0.0,9.5,0.0,1.0,0.0,6.0,0.0,,1.0,1.0,0.0,,3.5,0.5833333333333334
テープ文字起こし 依頼 コツ,0.0,2.0,0.0,14.0,,,,,0.0,,2.0,,0.0,,14.0,
テープ起こし 相場,0.0,2.0,0.0,40.0,,,,,0.0,,2.0,,0.0,,40.0,
ドイツワーホリ,0.0,2.0,0.0,53.5,,,,,0.0,,2.0,,0.0,,53.5,
47 都 道府県 旅行 制覇アプリ,0.0,1.0,0.0,7.0,,,,,0.0,,1.0,,0.0,,7.0,
47 都 道府県制覇 割合,0.0,1.0,0.0,18.0,,,,,0.0,,1.0,,0.0,,18.0,
47都道府県,0.0,1.0,0.0,10.0,,,,,0.0,,1.0,,0.0,,10.0,
ac ミラン スタジアム,0.0,1.0,0.0,55.0,,,,,0.0,,1.0,,0.0,,55.0,
api連携 実装方法,0.0,1.0,0.0,15.0,,,,,0.0,,1.0,,0.0,,15.0,
bali guide ubud,0.0,1.0,0.0,76.0,0.0,1.0,0.0,83.0,0.0,,0.0,0.0,0.0,,-7.0,-0.08433734939759036
bangkok khao san road,0.0,1.0,0.0,67.0,,,,,0.0,,1.0,,0.0,,67.0,
bangkok khao san road map,0.0,1.0,0.0,51.0,,,,,0.0,,1.0,,0.0,,51.0,
bangkok must see attractions,0.0,1.0,0.0,12.0,,,,,0.0,,1.0,,0.0,,12.0,
bangkok nightlife khao san road,0.0,1.0,0.0,32.0,,,,,0.0,,1.0,,0.0,,32.0,
bangkok till koh samet,0.0,1.0,0.0,80.0,,,,,0.0,,1.0,,0.0,,80.0,
bangkok to samet,0.0,1.0,0.0,76.0,,,,,0.0,,1.0,,0.0,,76.0,
bars in khao san road,0.0,1.0,0.0,26.0,,,,,0.0,,1.0,,0.0,,26.0,
bondi beach sydney,0.0,1.0,0.0,12.0,,,,,0.0,,1.0,,0.0,,12.0,
booking com 安い なぜ,0.0,1.0,0.0,12.0,,,,,0.0,,1.0,,0.0,,12.0,
booking com 怪しい,0.0,1.0,0.0,50.0,,,,,0.0,,1.0,,0.0,,50.0,
booking ドット コム,0.0,1.0,0.0,36.0,0.0,1.0,0.0,36.0,0.0,,0.0,0.0,0.0,,0.0,0.0
booking.com,0.0,1.0,0.0,16.0,0.0,1.0,0.0,28.0,0.0,,0.0,0.0,0.0,,-12.0,-0.42857142857142855
bookingドットコム,0.0,1.0,0.0,3.0,0.0,2.0,0.0,23.5,0.0,,-1.0,-0.5,0.0,,-20.5,-0.8723404255319149
cafe mca,0.0,1.0,0.0,20.0,,,,,0.0,,1.0,,0.0,,20.0,
calypso bangkok,0.0,1.0,0.0,42.0,,,,,0.0,,1.0,,0.0,,42.0,
calypso cabaret tickets,0.0,1.0,0.0,43.0,,,,,0.0,,1.0,,0.0,,43.0,
cheap souvenirs sydney,0.0,1.0,0.0,38.0,,,,,0.0,,1.0,,0.0,,38.0,
chinatown gift shop,0.0,1.0,0.0,3.0,,,,,0.0,,1.0,,0.0,,3.0,
ferðir til koh samet,0.0,1.0,0.0,57.0,,,,,0.0,,1.0,,0.0,,57.0,
github 使い方 初心者,0.0,1.0,0.0,10.0,0.0,1.0,0.0,12.0,0.0,,0.0,0.0,0.0,,-2.0,-0.16666666666666666
google core update,0.0,1.0,0.0,85.0,,,,,0.0,,1.0,,0.0,,85.0,
google リスティング 広告,0.0,1.0,0.0,87.0,0.0,2.0,0.0,88.5,0.0,,-1.0,-0.5,0.0,,-1.5,-0.01694915254237288
google リスティング 広告 と は,0.0,1.0,0.0,92.0,,,,,0.0,,1.0,,0.0,,92.0,
google リスティング広告 やり方,0.0,1.0,0.0,88.0,0.0,2.0,0.0,82.5,0.0,,-1.0,-0.5,0.0,,5.5,0.06666666666666667
google 検索 順位 おかしい,0.0,1.0,0.0,71.0,,,,,0.0,,1.0,,0.0,,71.0,
google 検索順位 おかしい,0.0,1.0,0.0,31.0,,,,,0.0,,1.0,,0.0,,31.0,
guide to khao san road,0.0,1.0,0.0,48.0,,,,,0.0,,1.0,,0.0,,48.0,
how to get to the new sydney fish market,0.0,1.0,0.0,60.0,,,,,0.0,,1.0,,0.0,,60.0,
how to go to khao san road,0.0,1.0,0.0,49.0,0.0,1.0,0.0,10.0,0.0,,0.0,0.0,0.0,,39.0,3.9
is bali safe,0.0,1.0,0.0,38.0,0.0,1.0,0.0,26.0,0.0,,0.0,0.0,0.0,,12.0,0.46153846153846156
is bali safe to travel,0.0,1.0,0.0,17.0,0.0,2.0,0.0,17.0,0.0,,-1.0,-0.5,0.0,,0.0,0.0
izumo japan,0.0,1.0,0.0,61.0,0.0,1.0,0.0,62.0,0.0,,0.0,0.0,0.0,,-1.0,-0.016129032258064516
koh samet from bangkok,0.0,1.0,0.0,46.0,,,,,0.0,,1.0,,0.0,,46.0,
kyoto starbucks,0.0,1.0,0.0,29.0,,,,,0.0,,1.0,,0.0,,29.0,
m&a web,0.0,1.0,0.0,50.0,,,,,0.0,,1.0,,0.0,,50.0,
mca cafe,0.0,1.0,0.0,26.0,0.0,1.0,0.0,16.0,0.0,,0.0,0.0,0.0,,10.0,0.625
ninenzaka starbucks,0.0,1.0,0.0,25.0,,,,,0.0,,1.0,,0.0,,25.0,
okinawa travel itinerary,0.0,1.0,0.0,9.0,0.0,2.0,0.0,8.5,0.0,,-1.0,-0.5,0.0,,0.5,0.058823529411764705
okinawa trip itinerary,0.0,1.0,0.0,8.0,0.0,1.0,0.0,10.0,0.0,,0.0,0.0,0.0,,-2.0,-0.2
qq english 口コミ,0.0,1.0,0.0,30.0,,,,,0.0,,1.0,,0.0,,30.0,
qqイングリッシュ 評判,0.0,1.0,0.0,12.0,0.0,4.0,0.0,12.0,0.0,,-3.0,-0.75,0.0,,0.0,0.0
robots txt seo,0.0,1.0,0.0,12.0,,,,,0.0,,1.0,,0.0,,12.0,
robots.txt 書き方,0.0,1.0,0.0,2.0,,,,,0.0,,1.0,,0.0,,2.0,
robots.txt 設定,0.0,1.0,0.0,14.0,,,,,0.0,,1.0,,0.0,,14.0,
san siro,0.0,1.0,0.0,62.0,0.0,1.0,0.0,58.0,0.0,,0.0,0.0,0.0,,4.0,0.06896551724137931
san siro stadium,0.0,1.0,0.0,38.0,,,,,0.0,,1.0,,0.0,,38.0,
sapporo beer garden genghis khan,0.0,1.0,0.0,37.0,,,,,0.0,,1.0,,0.0,,37.0,
sapporo brewery,0.0,1.0,0.0,65.0,,,,,0.0,,1.0,,0.0,,65.0,
sapporo brewery japan,0.0,1.0,0.0,69.0,,,,,0.0,,1.0,,0.0,,69.0,
seo 2025年 6月,0.0,1.0,0.0,47.0,,,,,0.0,,1.0,,0.0,,47.0,
seo api,0.0,1.0,0.0,15.0,,,,,0.0,,1.0,,0.0,,15.0,
seo オーソリティ,0.0,1.0,0.0,20.0,,,,,0.0,,1.0,,0.0,,20.0,
seo サイト 構造,0.0,1.0,0.0,79.0,,,,,0.0,,1.0,,0.0,,79.0,
seo レポート,0.0,1.0,0.0,46.0,,,,,0.0,,1.0,,0.0,,46.0,
seo 動向,0.0,1.0,0.0,18.0,0.0,2.0,0.0,17.5,0.0,,-1.0,-0.5,0.0,,0.5,0.02857142857142857
seo古い,0.0,1.0,0.0,84.0,,,,,0.0,,1.0,,0.0,,84.0,
shimane izumo,0.0,1.0,0.0,40.0,,,,,0.0,,1.0,,0.0,,40.0,
shots needed to travel to thailand,0.0,1.0,0.0,16.0,,,,,0.0,,1.0,,0.0,,16.0,
souvenirs in sydney,0.0,1.0,0.0,50.0,,,,,0.0,,1.0,,0.0,,50.0,
srsltid in url,0.0,1.0,0.0,66.0,0.0,1.0,0.0,67.0,0.0,,0.0,0.0,0.0,,-1.0,-0.014925373134328358
starbucks kyoto,0.0,1.0,0.0,33.0,,,,,0.0,,1.0,,0.0,,33.0,
tetanus vaccine cost,0.0,1.0,0.0,38.0,,,,,0.0,,1.0,,0.0,,38.0,
things to do in khao san road at night,0.0,1.0,0.0,44.0,,,,,0.0,,1.0,,0.0,,44.0,
tourist spots in sydney,0.0,1.0,0.0,7.0,,,,,0.0,,1.0,,0.0,,7.0,
tourist spots sydney,0.0,1.0,0.0,11.0,,,,,0.0,,1.0,,0.0,,11.0,
udemy web開発 おすすめ,0.0,1.0,0.0,10.0,,,,,0.0,,1.0,,0.0,,10.0,
udemy おすすめ,0.0,1.0,0.0,58.0,0.0,2.0,0.0,68.5,0.0,,-1.0,-0.5,0.0,,-10.5,-0.15328467153284672
van bangkok naar koh samet,0.0,1.0,0.0,52.0,,,,,0.0,,1.0,,0.0,,52.0,
visa extension bangkok,0.0,1.0,0.0,45.0,,,,,0.0,,1.0,,0.0,,45.0,
wat pho entrance,0.0,1.0,0.0,48.0,,,,,0.0,,1.0,,0.0,,48.0,
where to buy cheap souvenirs in sydney,0.0,1.0,0.0,20.0,0.0,1.0,0.0,30.0,0.0,,0.0,0.0,0.0,,-10.0,-0.3333333333333333
where to find souvenirs in sydney,0.0,1.0,0.0,42.0,0.0,3.0,0.0,37.666666666666664,0.0,,-2.0,-0.6666666666666666,0.0,,4.333333333333336,0.11504424778761069
かおさん通り,0.0,1.0,0.0,9.0,,,,,0.0,,1.0,,0.0,,9.0,
ぶっ きん ドット コム,0.0,1.0,0.0,28.0,0.0,1.0,0.0,23.0,0.0,,0.0,0.0,0.0,,5.0,0.21739130434782608
ぶっきんドットコム,0.0,1.0,0.0,23.0,,,,,0.0,,1.0,,0.0,,23.0,
アグレッサー部隊 自衛隊,0.0,1.0,0.0,3.0,,,,,0.0,,1.0,,0.0,,3.0,
イタリア 旅行 費用,0.0,1.0,0.0,13.0,,,,,0.0,,1.0,,0.0,,13.0,
イタリア観光モデルコース,0.0,1.0,0.0,17.0,0.0,1.0,0.0,19.0,0.0,,0.0,0.0,0.0,,-2.0,-0.10526315789473684
インドネシア atm キャッシング,0.0,1.0,0.0,6.0,1.0,5.0,0.2,5.8,-1.0,-1.0,-4.0,-0.8,-0.2,-1.0,0.20000000000000018,0.03448275862068969
インドネシア atm 手数料 無料,0.0,1.0,0.0,17.0,0.0,1.0,0.0,11.0,0.0,,0.0,0.0,0.0,,6.0,0.5454545454545454
インドネシア キャッシング,0.0,1.0,0.0,11.0,1.0,7.0,0.14285714285714285,9.857142857142858,-1.0,-1.0,-6.0,-0.8571428571428571,-0.14285714285714285,-1.0,1.1428571428571423,0.11594202898550719
インフラ seo,0.0,1.0,0.0,24.0,,,,,0.0,,1.0,,0.0,,24.0,
ウブド 観光 モデルコース,0.0,1.0,0.0,11.0,0.0,5.0,0.0,10.4,0.0,,-4.0,-0.8,0.0,,0.5999999999999996,0.057692307692307654
ウブド観光モデルコース,0.0,1.0,0.0,10.0,0.0,6.0,0.0,9.0,0.0,,-5.0,-0.8333333333333334,0.0,,1.0,0.1111111111111111
エルニド 観光,0.0,1.0,0.0,54.0,,,,,0.0,,1.0,,0.0,,54.0,
エルニド旅行費用,0.0,1.0,0.0,27.0,,,,,0.0,,1.0,,0.0,,27.0,
オカダマニラ ktv,0.0,1.0,0.0,2.0,0.0,7.0,0.0,8.285714285714285,0.0,,-6.0,-0.8571428571428571,0.0,,-6.285714285714285,-0.7586206896551724
オカダマニラ ポーカー やり方,0.0,1.0,0.0,8.0,0.0,3.0,0.0,8.333333333333332,0.0,,-2.0,-0.6666666666666666,0.0,,-0.33333333333333215,-0.03999999999999986
カオサン通り,0.0,1.0,0.0,30.0,0.0,3.0,0.0,22.333333333333332,0.0,,-2.0,-0.6666666666666666,0.0,,7.666666666666668,0.3432835820895523
カオサン通り 夜,0.0,1.0,0.0,2.0,0.0,6.0,0.0,12.0,0.0,,-5.0,-0.8333333333333334,0.0,,-10.0,-0.8333333333333334
カオサン通り 女,0.0,1.0,0.0,2.0,0.0,5.0,0.0,7.4,0.0,,-4.0,-0.8,0.0,,-5.4,-0.7297297297297297
クアラルンプール国際空港 atm,0.0,1.0,0.0,5.0,0.0,4.0,0.0,9.75,0.0,,-3.0,-0.75,0.0,,-4.75,-0.48717948717948717
クラウド ワークス 自己 pr 初心者,0.0,1.0,0.0,19.0,,,,,0.0,,1.0,,0.0,,19.0,
クラウドワークス おすすめ,0.0,1.0,0.0,11.0,0.0,3.0,0.0,9.333333333333334,0.0,,-2.0,-0.6666666666666666,0.0,,1.666666666666666,0.1785714285714285
クラウドワークス 初心者 おすすめ,0.0,1.0,0.0,14.0,,,,,0.0,,1.0,,0.0,,14.0,
クレジット カード 海外旅行保険 自動付帯,0.0,1.0,0.0,6.0,0.0,2.0,0.0,28.0,0.0,,-1.0,-0.5,0.0,,-22.0,-0.7857142857142857
クレジットカード 海外旅行保険 おすすめ,0.0,1.0,0.0,8.0,0.0,2.0,0.0,6.0,0.0,,-1.0,-0.5,0.0,,2.0,0.3333333333333333
クレジットカード 自動付帯,0.0,1.0,0.0,5.0,,,,,0.0,,1.0,,0.0,,5.0,
クレジットカードの健康保険の旅行,0.0,1.0,0.0,10.0,,,,,0.0,,1.0,,0.0,,10.0,
クロールバジェット,0.0,1.0,0.0,57.0,,,,,0.0,,1.0,,0.0,,57.0,
サイト 構造 seo,0.0,1.0,0.0,78.0,,,,,0.0,,1.0,,0.0,,78.0,
サイトm＆a,0.0,1.0,0.0,78.0,,,,,0.0,,1.0,,0.0,,78.0,
サイトマップ seo,0.0,1.0,0.0,25.0,,,,,0.0,,1.0,,0.0,,25.0,
サイト構造 最適化,0.0,1.0,0.0,73.0,,,,,0.0,,1.0,,0.0,,73.0,
サッポロクラシックは？,0.0,1.0,0.0,3.0,,,,,0.0,,1.0,,0.0,,3.0,
シドニー お 土産,0.0,1.0,0.0,61.0,,,,,0.0,,1.0,,0.0,,61.0,
シドニー 現代美術館,0.0,1.0,0.0,16.0,,,,,0.0,,1.0,,0.0,,16.0,
シドニー空港 お土産おすすめ,0.0,1.0,0.0,7.0,2.0,4.0,0.5,7.25,-2.0,-1.0,-3.0,-0.75,-0.5,-1.0,-0.25,-0.034482758620689655
タイ 旅行 予防 接種,0.0,1.0,0.0,51.0,,,,,0.0,,1.0,,0.0,,51.0,
タイ 映画,0.0,1.0,0.0,11.0,,,,,0.0,,1.0,,0.0,,11.0,
テープ 起こし,0.0,1.0,0.0,49.0,,,,,0.0,,1.0,,0.0,,49.0,
テープ起こし サービス,0.0,1.0,0.0,72.0,,,,,0.0,,1.0,,0.0,,72.0,
テープ起こし 料金,0.0,1.0,0.0,88.0,,,,,0.0,,1.0,,0.0,,88.0,
テープ起こし 早い,0.0,1.0,0.0,47.0,,,,,0.0,,1.0,,0.0,,47.0,
テープ起こし 校正,0.0,1.0,0.0,64.0,,,,,0.0,,1.0,,0.0,,64.0,
テープ起こし 研究,0.0,1.0,0.0,66.0,,,,,0.0,,1.0,,0.0,,66.0,
テープ起こし 翌日,0.0,1.0,0.0,68.0,,,,,0.0,,1.0,,0.0,,68.0,
テープ起こし 費用,0.0,1.0,0.0,77.0,,,,,0.0,,1.0,,0.0,,77.0,
テープ起こしとは,0.0,1.0,0.0,68.0,,,,,0.0,,1.0,,0.0,,68.0,
トピカルオーソリティ,0.0,1.0,0.0,28.0,,,,,0.0,,1.0,,0.0,,28.0,
ドイツ ビザ申請,0.0,1.0,0.0,57.0,,,,,0.0,,1.0,,0.0,,57.0,
ドイツ ワーキングホリデイ,0.0,1.0,0.0,40.0,,,,,0.0,,1.0,,0.0,,40.0,
ドイツ ワーキングホリデー,0.0,1.0,0.0,40.0,,,,,0.0,,1.0,,0.0,,40.0,
ドイツ ワーホリ 申請,0.0,1.0,0.0,38.0,,,,,0.0,,1.0,,0.0,,38.0,
